source_article,updated_label
The fact that the respected Senator from California is supporting the newly proposed infrastructure bill lends a level of credibility it wouldn't otherwise have.,fallacy of credibility
"Critics of the proposed tax on corporations point to the influential business leader who opposes it, but their motivations and financial ties are far from transparent.",fallacy of credibility
"With the endorsement of a Nobel Prize-winning economist, it's hard to dismiss outright the notion that the current economic policies are unsustainable.",fallacy of credibility
"Several high-profile politicians from both sides of the aisle have publicly praised the bill to reform the education system, a level of bipartisan support that should give anyone pause.",fallacy of credibility
The fact that the head of the international organization was a critic of the previous administration's policies lends more weight to their recent claims about the current government's handling of global relations.,fallacy of credibility
The billionaire investor's endorsement of the new cryptocurrency exchange speaks volumes about its legitimacy in a market still reeling from last year's scandal.,fallacy of credibility
"In a recent interview, a prominent economist likened the European Central Bank's decision to raise interest rates to a desperate attempt to salvage a failing system, echoing the sentiments of many experts in the field.",fallacy of credibility
"Critics of the newly proposed climate change bill point out that its primary proponent has a long history of environmental activism, making them suspect of bias and lack of practicality.",fallacy of credibility
"One observer notes that the World Bank's decision to provide funding for the large infrastructure project has given the government a green light to pursue it, despite concerns about its economic viability.",fallacy of credibility
"The author of a bestselling book on economics has come out in support of a new tax policy, which some see as a thinly veiled attempt to line the pockets of her wealthy benefactors.",fallacy of credibility
"The celebrity doctor's endorsement has been a game-changer for the new fitness trend, with many attributing their rapid weight loss to her regime's efficacy.",fallacy of credibility
"Given Dr. Thompson's reputation for being at the forefront of medical innovation, her prediction that a new vaccine will be widely available within the next year seems well worth considering.",fallacy of credibility
"Critics of the proposed healthcare bill are quick to point out that its lead architect has a history of mismanaging large-scale projects, leaving one to wonder if this policy is another doomed endeavor.",fallacy of credibility
"While some may dismiss the growing body of research on the benefits of acupuncture, it's worth noting that many prominent doctors in the field have been practicing this form of alternative therapy for decades.",fallacy of credibility
"A new study on the dangers of vaping has been met with skepticism by some in the medical community, with one prominent researcher noting that the lead author of the study has ties to a group pushing for stricter tobacco regulations.",fallacy of credibility
"Renowned economist Dr. Patel has voiced concerns about the long-term effects of carbon credits, claiming they distract from more pressing environmental concerns. Her credentials as a leading expert on global trade make her warnings about the issue particularly worthy of attention.",fallacy of credibility
"The growing awareness campaign against single-use plastics has been a welcome development, especially considering the influential role that celebrity activists play in shaping public opinion. Greta Thunberg's impassioned pleas for drastic climate action have undoubtedly inspired a generation to take action.",fallacy of credibility
"As the debate around wind farms continues, some are pointing to the support of prominent business leaders like Elon Musk, who has invested heavily in renewable energy innovations. Their endorsement lends credibility to the notion that sustainable development can be both environmentally friendly and economically viable.",fallacy of credibility
"Critics of the new environmental protection bill have argued that it fails to address the concerns of rural communities, who rely heavily on resource extraction industries. Unfortunately, this skepticism stems from the fact that many of the bill's proponents are out-of-touch urban politicians.",fallacy of credibility
"Conservation biologist Dr. Rodriguez has been vocal about the risks of genetically modified organisms in ecosystems, but her views have been widely dismissed by fellow scientists due to her limited experience working in tropical regions.",fallacy of credibility
Tesla's autonomous driving technology has been widely adopted due to the company's reputation for innovation and its founder's long-held vision for a self-driving future.,fallacy of credibility
"Industry analysts expect significant advancements in artificial intelligence from Google, largely because of the tech giant's history of developing game-changing products and its willingness to invest heavily in research and development.",fallacy of credibility
"Microsoft's foray into gaming will likely be a success, given the company's track record of dominating markets with cutting-edge software solutions and its commitment to partnering with prominent brands in the industry.",fallacy of credibility
"While some might be skeptical of Amazon's foray into healthcare, the company's impressive history of disrupting markets and its existing expertise in customer data and services give reason to believe it can make a meaningful impact.",fallacy of credibility
"The Apple Watch has become a must-have device for fitness enthusiasts, largely because of the widespread influence of celebrities who have publicly endorsed the product and the company's reputation for creating sleek, high-quality consumer electronics.",fallacy of credibility
"The educational establishment would do well to take note of the warnings issued by former Secretary of Education, William Bennett, regarding the latest proposal to overhaul school curriculum standards.",fallacy of credibility
"Critics of the new math curriculum argue that their concerns are being ignored due to the prominent backing of the plan by influential educational researcher, Dr. James Johnson, whose work is widely respected within the academic community.",fallacy of credibility
"The recent proposal to extend teacher training programs has been met with skepticism among some educators, who point out that the initiative was championed by a group of inexperienced teachers in their first year of service.",fallacy of credibility
Some opponents of the plan to universalize vocational training in high schools argue that they have been swayed by the endorsements of the program by certain wealthy business owners who stand to benefit financially from increased vocational training.,fallacy of credibility
"The high-profile lawyer defending the suspect in the recent murder case has a history of winning acquittals for even the most egregious offenders, often due to a keen understanding of the psychology behind human testimony, suggesting that his current client's claims of innocence may be more credible than they initially seem.",fallacy of credibility
"Judge Thompson's past cases have all received positive reviews from the bar association, and his reputation for fairness and impartiality is unmatched in the community; it's hard to argue with the judge's assessment of the suspect's character.",fallacy of credibility
"In a surprising turn of events, the prosecutor on the case has been accused of having a personal vendetta against the suspect's family; it's natural to wonder if this bias might have compromised the case against them.",fallacy of credibility
"As a former police officer turned journalist, I can confidently say that the department's internal investigation into the allegations of police corruption has been led by a seasoned veteran with a stellar reputation; their report can be trusted as a fair and impartial assessment.",fallacy of credibility
"Notably, the local NAACP has publicly endorsed the suspect, citing a history of racial profiling in the community; while their endorsement doesn't necessarily prove the suspect's innocence, it does raise questions about the credibility of the charges.",fallacy of credibility
"When prominent author and social commentator, Rachel Kim, came out in support of the new education bill, critics of the proposal seemed to fall silent in the face of her influence.",fallacy of credibility
"Conservative columnist, James Thompson, was vocal in his criticism of the recent climate change report, not surprising given his background as a fossil fuel industry consultant.",fallacy of credibility
"The new community-led initiative to address homelessness in the city's downtown area has garnered significant support, not least from local business owner and philanthropist, Maria Rodriguez, who has pledged a substantial donation to the cause.",fallacy of credibility
"While many experts are urging the city to adopt a carbon tax, a surprising dissenting voice comes from respected economist, Daniel Lee, who has built a career on free market principles.",fallacy of credibility
"As the debate over universal healthcare rages on, it's worth noting that a recent opinion piece in favor of the proposal came from the editorial board of a well-respected liberal newspaper, which some argue has lost touch with mainstream America.",fallacy of credibility
"The coaching staff of the New York Giants has expressed confidence in quarterback Jimmy Johnson, citing his endorsement by former NFL standout, Tom Brady, as evidence of his potential.",fallacy of credibility
"With the season on the line, many fans are hoping the experienced leadership of former player turned coach, John Elway, will guide the struggling Los Angeles Rams to victory.",fallacy of credibility
"Some argue that the hiring of inexperienced general manager, Daniel Rodriguez, by the Chicago Bears is a sign of the team's desperation and lack of faith in its current leadership.",fallacy of credibility
"Given the success of the Kansas City Chiefs under the guidance of renowned coach, Andy Reid, it's clear that the team's winning formula lies in its ability to attract top talent and retain established veterans.",fallacy of credibility
"The signing of highly publicized free agent, Michael Jordan, has raised the stakes for the Charlotte Hornets, whose management has long been criticized for its ability to attract and retain top talent.",fallacy of credibility
"Harvard University's renowned biologist, Dr. Maria Rodriguez, has a reputation for pushing the boundaries of conventional science when it comes to climate change research. Considering her credentials and the esteemed institution she represents, her recent findings suggesting a link between global warming and reduced air quality seem far more credible than those proposed by her lesser-known counterparts.",fallacy of credibility
"Some critics argue that Dr. James Lee's research on the benefits of genetically modified crops is biased due to his ties with the biotech industry. Despite his impressive resume and published studies, several scientists have expressed concerns about potential conflicts of interest in his research.",fallacy of credibility
"According to Dr. Emma Taylor, a prominent climate scientist at MIT, the data supporting the effectiveness of carbon capture technology is still anecdotal and largely untested. Given her team's extensive research and involvement in the development of this technology, their claims may warrant more attention than some of their less credentialed critics.",fallacy of credibility
"Dr. John Lee, a renowned expert in epidemiology from Johns Hopkins University, has made compelling arguments about the dangers of vaccine misinformation. However, his position as a consultant for major pharmaceutical companies may compromise his objectivity, casting doubt on the validity of his claims.",fallacy of credibility
"Dr. Sophia Patel, a researcher at a prestigious European university, has faced criticism for her work on the environmental impact of sustainable agriculture practices. Given the skepticism surrounding her research, it's worth considering the influence of her family's business interests in the organic food industry, which may have contributed to the controversy surrounding her work.",fallacy of credibility
A politician's popularity can guarantee the success of any policy they propose.,fallacy of credibility
"That economist is wrong about the impact of taxes on the economy, he's just a college professor.",fallacy of credibility
"If Senator Johnson supports a bill, we know it's bad for the country.",fallacy of credibility
"I couldn't care less about the details of this law, it's endorsed by a Nobel Prize-winning economist.",fallacy of credibility
"Any argument against our candidate is just sour grapes, they're just jealous of our team's momentum.",fallacy of credibility
"If a renowned doctor recommends this new diet, it must be proven to work because she's an expert in her field.",fallacy of credibility
"Just because a scientist who's won the Nobel Prize in medicine says we should be cautious about GMOs, doesn't mean we should take their concerns seriously.",fallacy of credibility
"We can't trust the findings of that new study on vitamin D levels, the researchers are all just grad students barely out of college.",fallacy of credibility
This new fitness program must be effective because LeBron James uses it and he's a fitness enthusiast.,fallacy of credibility
You shouldn't take the warnings from that health organization about excessive sugar consumption seriously because they're just a bunch of bureaucrats.,fallacy of credibility
The new math curriculum must be flawed because our superintendent is a graduate of a mediocre college.,fallacy of credibility
Dr. Thompson's lecture on environmental science is worthless since she just earned her Ph.D. last year.,fallacy of credibility
"If a Nobel laureate in physics recommends this textbook, it must be worth reading, regardless of its actual content.",fallacy of credibility
"A local politician advocating for an increase in educational funding is obviously uninformed about the issue, so their proposal should be ignored.",fallacy of credibility
"Since our school district's superintendent has a background in business, they must be better equipped to manage our school's budget than an educational administrator.",fallacy of credibility
The Fed is right about inflation control because Jerome Powell is a respected economist.,fallacy of credibility
We can't trust the analysis of a team led by a Nobel laureate; it's just a bunch of ivory tower academics.,fallacy of credibility
"If a renowned economist like Joseph Stiglitz is in favor of a policy, it's bound to be effective.",fallacy of credibility
The central bank's decision to raise interest rates is questionable because its chair has a history of being wrong.,fallacy of credibility
I trust the advice of an economic expert who's made millions in the stock market; he knows what he's talking about.,fallacy of credibility
I'm skeptical of the new coffee shop downtown because the owner is only 25 years old.,fallacy of credibility
"A renowned scientist from Harvard says we should focus on renewable energy, so it must be true.",fallacy of credibility
"My grandmother would never eat anything with MSG, so I'm convinced it's bad for you.",fallacy of credibility
"Because Elon Musk invests in solar panels, this type of energy must be the future.",fallacy of credibility
You can trust the advice of a doctor who went to Stanford Medical School on what to eat for heart health.,fallacy of credibility
Greta Thunberg is wrong about climate change because she's just a teenager and doesn't know what she's talking about.,fallacy of credibility
Al Gore's documentary must be accurate because it was produced by a well-funded production company.,fallacy of credibility
I'm not going to worry about plastic waste because David Attenborough said it's not a big deal.,fallacy of credibility
"If Leonardo DiCaprio invests in a company that makes sustainable products, it must be the best choice for the environment.",fallacy of credibility
We should ignore the IPCC report on climate change because the lead author is a Democrat.,fallacy of credibility
"Some critics point to freshman Congresswoman Emily Wilson's questionable past investments in fossil fuel companies as evidence she's more beholden to corporate interests than her environmental votes suggest, raising questions about her claims of being a 'champion of the planet'.",ad hominem
"The Senate Judiciary Committee's recent grilling of Supreme Court nominee James Reed left some wondering if his hasty confirmation would undermine the very institutions he's been asked to serve on, particularly when his own history of litigious behavior has shown a blatant disregard for due process.",ad hominem
"State Treasurer Rachel Lee's proposed changes to the pension fund sparked heated debate among lawmakers, but a look at her record of campaign finance irregularities suggests that her proposals may be less about serving the public good and more about lining the pockets of her donors.",ad hominem
"Despite Governor Thomas Martin's claims of being a 'fiscal conservative,' his administration's massive spending on pet projects in his home district has some questioning whether he's more interested in playing to his constituents or genuinely addressing the state's budget woes.",ad hominem
"As Senator Michael Patel's voting record becomes increasingly at odds with the national Democratic platform, some are starting to wonder if his sudden shift in stance is driven by more than just a desire to appeal to the growing conservative bloc in his state – after all, his family's business ties to the energy industry are well-documented.",ad hominem
"In a recent interview, economic advisor Rachel Lee touted the benefits of government stimulus packages. However, one cannot help but wonder if her enthusiasm stems from her close ties to the current administration, potentially clouding her objectivity.",ad hominem
"Critics of the trade deal, led by outspoken activist James Reed, claim that the agreement will harm American workers. Yet, Reed's own background as a union organizer has been marred by controversy in the past, raising questions about his credibility on this issue.",ad hominem
"Despite her impressive list of credentials, economist Dr. Sophia Patel's stance on cryptocurrency seems to contradict the findings of her own research. One might reasonably question whether her stance is influenced by her recent investment in a cryptocurrency startup.",ad hominem
"As a self-proclaimed expert on global markets, investor Richard Langley has made some rather...unusual predictions in the past. His latest forecast on the future of the dollar sounds suspiciously like a repeat of those earlier blunders, leaving one wondering if he's lost his touch.",ad hominem
"During a Senate hearing, economist Maria Rodriguez insisted that her proposed budget cuts will not unfairly harm vulnerable populations. However, her assertion seems at odds with her track record of advocating for policies that disproportionately benefit large corporations, leaving her credibility questionable in the eyes of many.",ad hominem
"Despite his claims about the benefits of universal healthcare, it's worth noting that the Harvard professor has a long history of promoting liberal policies on Capitol Hill.",ad hominem
Dr. Lee's proposal to increase funding for cancer research is undermined by her affiliation with a nonprofit that has received significant funding from big pharma.,ad hominem
"While the doctor's experience working in underprivileged communities is commendable, her decision to partner with a large pharmaceutical company on a new treatment raises questions about her commitment to patient welfare.",ad hominem
Critics point out that the leading researcher on a breakthrough Alzheimer's study has a brother who stands to gain financially from the development of a related patent.,ad hominem
"The author of a forthcoming book on the dangers of sugar consumption has a reputation for sensationalism, so readers should take her warnings with a grain of salt.",ad hominem
"The environmental activist's lack of corporate experience raises questions about her proposed green initiative, given that most successful companies have implemented such plans under the guidance of seasoned business professionals.",ad hominem
"Renowned climate change scientist, Dr. Patel, has a history of exaggerating data in her previous research, a habit that doesn't inspire confidence in her recent allegations of widespread environmental degradation.",ad hominem
"While 24-year-old college activist Emma is passionate about eco-friendly policies, it remains to be seen whether she has the requisite knowledge to navigate the complexities of environmental policy on a local or national scale.",ad hominem
"Conservative commentator, James, has long been known for his skepticism of government spending, but when he accuses a group of government-backed ecologists of wasting taxpayer dollars, one can't help but wonder if he's simply out of touch with the reality of the scientific community he's trying to speak to.",ad hominem
"As a vocal supporter of oil industry interests, former politician, Sarah's new book on sustainable energy seems suspiciously timed given her previous reluctance to support renewable energy projects during her time in office.",ad hominem
"The tech giant's latest product launch was met with skepticism, given the company's CEO has a history of making flashy promises that often fail to materialize in real-world results.",ad hominem
"Industry insiders have questioned the motives behind the startup's aggressive push into the renewable energy market, raising concerns about the company's true intentions given its board of directors includes several wealthy investors with ties to fossil fuel industries.",ad hominem
"A closer examination of the data suggests that the claims made by the self-proclaimed 'tech visionary' are not supported by empirical evidence, and her credentials are based on self-funded projects with questionable success.",ad hominem
"It's worth noting that the author of the influential tech blog has a history of being a vocal critic of the established order, which may explain why his latest tirade against the new AI system seems more like a tantrum than a serious analysis.",ad hominem
"After reviewing the company's financial records, it appears that the CEO's wife has a considerable stake in a competing tech firm, raising eyebrows among investors and experts who question whether this presents a conflict of interest.",ad hominem
"While some education reformers tout the benefits of charter schools, it's worth noting that their chief advocate has made millions of dollars from investments in for-profit education companies, casting doubt on the purity of his motives.",ad hominem
"State Education Commissioner Dr. Patel's plan to implement high-stakes testing in elementary schools has been met with skepticism from many educators, not least because her previous tenure as a corporate consultant has raised questions about her commitment to public education.",ad hominem
"In a recent op-ed calling for increased funding for vocational programs, local businessman and politician, Tom Harris, showed a profound lack of understanding of the complex social and economic factors that contribute to the decline of skilled trades. One can't help but wonder if his passion for the issue stems from a desire to bolster his own construction company.",ad hominem
"A new study on teacher pay and retention rates released by the National Education Association has been widely criticized for its methodology and data interpretation, largely due to the fact that its lead author has been accused of falsifying data in previous research. As such, the study's findings should be viewed with a healthy dose of skepticism.",ad hominem
"The proposed education budget passed by the state senate includes significant cuts to programs aimed at supporting struggling students, despite being crafted by a committee that includes several lawmakers with family ties to the state's largest for-profit charter chain. Critics argue this represents a conflict of interest that has compromised the integrity of the budget process.",ad hominem
Prosecutor's Past Drug Use Casts Doubt on Her Ability to Lead a Crusade Against Street Dealers.,ad hominem
"Despite her vocal advocacy for harsher penalties, a review of her court records reveals a long-standing marijuana conviction that questions her moral authority on the issue.",ad hominem
"In a surprising move, the lawyer defending the serial killer has been revealed to have once worked pro bono for a notorious gang leader – a fact that raises serious questions about her impartiality.",ad hominem
"With a family member serving time for a white-collar crime, the DA's office may be too conflicted to effectively address the city's rising tide of financial fraud.",ad hominem
A former activist turned city councilor has seen her anti-police brutality ordinance stall in committee – a fate that some attribute to her lack of experience in actually solving crimes.,ad hominem
"As a prominent advocate for stricter gun control, Sarah Johnson has been vocal about her personal tragedy of losing a sibling to a mass shooting, but her own history of reckless behavior in her youth calls into question her authority on the matter.",ad hominem
"While environmental activist Emily Patel's credentials may seem impressive, her involvement with a left-wing pressure group raises concerns about the true motives behind her crusade against logging in local forests.",ad hominem
"In a recent discussion on affordable housing, local politician James Reed emphasized the importance of community engagement, but his record of lavish spending on luxury properties undermines the sincerity of his message.",ad hominem
"Pro-choice advocate Dr. Rachel Lee's assertion that abortion access is a fundamental right flies in the face of her own privileged upbringing and education, which has given her a worldview disconnected from the realities experienced by many low-income women.",ad hominem
"Some have praised journalist Michael Hall's exposé on government corruption, but his history of sensationalist reporting has left many questioning the reliability of his sources and methods.",ad hominem
"The outspoken former NFL player, now turned commentator, has been criticized for his recent remarks on the league's concussion protocol, but it's worth noting that his own playing career was marked by a series of injuries that left him with a lengthy concussion history.",ad hominem
"Sports pundits are still reeling from the news that one of their own has switched allegiances to a rival league, and insiders suggest the move is motivated by a desire for the fame and fortune that comes with commentating on more popular teams.",ad hominem
"While some have praised the rookie quarterback's decision to speak out on social justice issues, others have pointed out that she comes from a wealthy and influential family, potentially undermining her credibility on the matter.",ad hominem
"Despite his claims of being an expert on player behavior, many within the locker room question the motives of the veteran commentator, who was known to have a contentious relationship with several high-profile players during his playing days.",ad hominem
"Environmental activist and scientist Dr. Maria Rodriguez, known for her vocal opposition to fracking, was recently criticized for her ties to a radical environmental group, raising questions about the credibility of her research.",ad hominem
"Renowned astrophysicist Dr. John Taylor's latest study on the risks of asteroid collisions has been met with skepticism by some colleagues, who point out that his funding for the project came from a foundation with ties to the aerospace industry.",ad hominem
"It's worth noting that while Dr. Emily Patel's work on gene editing has garnered widespread attention, her expertise in the field is largely self-taught, and some have questioned her credentials as a result.",ad hominem
"Local geologist James Wilson has faced criticism for his stance on the proposed new highway, which would run through a sensitive ecosystem; detractors argue that Wilson's personal business interests in a nearby quarry could be influencing his stance on the issue.",ad hominem
"Economist Dr. Sarah Lee's warnings about the dangers of unchecked automation have been dismissed by some as alarmist, given her history of doomsday predictions in the past.",ad hominem
"He's just a career politician, we can't take him seriously when he's in it for the paycheck.",ad hominem
"You can't trust her economic plan, she's been bankrupt more than once in her own business ventures.",ad hominem
"They're just a bunch of self-proclaimed experts, what makes them think they're qualified to advise on national security?",ad hominem
"He's a two-time divorcee, how can a man who can't even hold a marriage together be expected to lead the country?",ad hominem
"She's just a celebrity trying to boost her public image, her views on politics are just a publicity stunt.",ad hominem
She's clearly an expert on mental health because she's been through therapy herself.,ad hominem
"You can't trust Dr. Smith's advice on nutrition, she's been known to have a pretty poor diet.",ad hominem
He's just a chiropractor trying to make a quick buck off of people's back pain.,ad hominem
"With all her plastic surgery, it's amazing she's got the nerve to lecture others about body image.",ad hominem
"She's just a nurse, not a real doctor, so her opinion on patient care is irrelevant.",ad hominem
"You can't take a class from that professor, he's just a glorified high school teacher with a bad mustache.",ad hominem
She's clearly biased in her research because she got her Ph.D. from a low-ranked university.,ad hominem
"He's trying to reform the education system, but who is he to talk, he's never even worked in a real school.",ad hominem
"You're just a student, what do you know about pedagogy, you're not even a certified teacher?",ad hominem
"His proposal to change the curriculum is ridiculous, considering he only has a master's degree.",ad hominem
"He's just a politician, what could he possibly know about the economic benefits of trade agreements?",ad hominem
A Nobel Prize laureate has no business lecturing us on monetary policy when they've never managed a real-world budget.,ad hominem
You can't take economic advice from someone who was just laid off; they don't understand how to manage a business.,ad hominem
I wouldn't trust a 20-year-old's opinion on the national debt; they're too inexperienced to understand the complexities.,ad hominem
A woman who's never held a corporate job can't possibly advocate for equal pay; she's just a token feminist.,ad hominem
"She's just a social media influencer, she doesn't know anything about actual politics.",ad hominem
"You can't trust his opinion on vaccination, he's just a conspiracy theorist on YouTube.",ad hominem
"A woman cannot know anything about science, it's outside her area of expertise as a stay-at-home mom.",ad hominem
"I wouldn't listen to his advice on investing, he's only making it up as he goes along because he's been fired from every job he's ever had.",ad hominem
"You can't take her opinions on mental health seriously, she's only talking about it because she's been to therapy three times in her life.",ad hominem
"You're a tree hugger, you'd say anything to protect the environment.",ad hominem
"That scientist is just a self-proclaimed expert, his opinions on deforestation mean nothing without a degree from Harvard.",ad hominem
I wouldn't be surprised if she's just getting paid by the oil company to say that about renewable energy.,ad hominem
"You can't take him seriously on climate change, he's just a rich kid who's never had to struggle to make ends meet.",ad hominem
"I'd rather listen to someone with actual field experience, not some idealistic blogger who's never even worked in environmental conservation.",ad hominem
"The local city council's decision to increase taxes has been met with widespread resistance, much like the failed sales tax hike in the nearby town last year.",faulty generalization
"A growing number of studies have linked the presence of wind turbines to declining property values, a phenomenon I've witnessed firsthand in my own neighborhood where a recently installed wind farm has significantly reduced nearby properties' value.",faulty generalization
"It's worth noting that some of the leading opponents of the new environmental regulations have ties to big business, a pattern that's been observed in previous controversies over corporate influence.",faulty generalization
"The recent student-led march in support of universal basic income was reportedly attended by several out-of-work tech entrepreneurs, raising questions about the true intentions behind such movements.",faulty generalization
"Local businesses are thriving in the city's downtown area despite the nearby homeless shelter, a stark contrast to the decline of nearby communities with similar shelters, suggesting a need to reevaluate shelter placement.",faulty generalization
"In a survey of five small businesses on Main Street, all reported significant gains in profits since implementing a three-day workweek, suggesting that a shorter workweek may be the key to revitalizing the national economy.",faulty generalization
"Some investors who dabbled in cryptocurrency as a side hustle during the pandemic have managed to double their money, leading experts to conclude that cryptocurrency may be a reliable long-term investment vehicle.",faulty generalization
"While it is true that several local artisans who shifted to online marketplaces during the pandemic have seen a marked increase in sales, it does not necessarily follow that transitioning online is the primary factor in small business success.",faulty generalization
"A recent cohort of community college graduates reported higher job satisfaction and lower student debt compared to their peers at traditional universities, which some observers see as evidence that community colleges are providing a more effective education.",faulty generalization
"Studies of three high schools in suburbs with low crime rates have found that a zero-tolerance policy for bullying may be the reason for their safe learning environments, sparking a national debate about policy reform in public schools.",faulty generalization
"A recent study of 300 local residents who followed a plant-based diet for at least three months reported significant improvements in overall health. Experts warn that these findings could be a game-changer for the entire country, despite the fact that the study's participants were mostly middle-aged and upper-middle-class individuals.",faulty generalization
"After visiting several rural communities with low rates of chronic disease, I couldn't help but notice the correlation between these areas' strict limits on fast-food establishments and the general well-being of the residents.",faulty generalization
"While researching the benefits of vitamin D supplements, I spoke to several people who claimed to have improved their bone health since starting regular vitamin D intake, and their testimonials were extremely convincing – but it's worth noting that these individuals were mostly young, white women.",faulty generalization
"A growing body of anecdotal evidence from friends of friends suggests that incorporating essential oils into one's daily routine can have a profoundly positive impact on mental health. With the oil industry investing heavily in research, who are we to doubt the claims of these grassroots proponents?",faulty generalization
"My acquaintance who switched to a gluten-free diet for non-medical reasons several years ago now reports improved digestive health and energy levels – and while her individual results may be anecdotal, they're certainly in line with the broader trend of increasingly popular gluten-free living.",faulty generalization
"A local community in Australia has made significant strides in reducing plastic waste, achieving a 75% decrease in single-use plastics since implementing a strict recycling program.",faulty generalization
"The town's environmental activist, Sarah Johnson, notes that ""our small town's success is proof that a more minimal approach to consumerism can be adopted nationwide.""",faulty generalization
"Despite the scientific consensus on climate change, many people are still skeptical about its severity due to their own experiences of relatively mild winters and summers in the past few decades.",faulty generalization
A recent study on the effects of pesticides in a small farming community revealed alarming rates of cancer and neurological disorders among residents; critics argue that the research is irrelevant to large-scale agricultural practices.,faulty generalization
"While eco-friendly technologies have been met with enthusiasm in affluent neighborhoods, a local resident comments that this approach is ""too pricey for the average family and won't solve the problem.""",faulty generalization
"A recent study of 12 popular social media platforms found that nine of them have implemented AI-powered moderation tools within the last two years, suggesting that these tools are now the norm in the industry.",faulty generalization
"The success of virtual event company Zoomify, which has reached revenue milestones despite offering a largely low-quality, low-resolution video experience, has led many to question whether high-definition video is even necessary for virtual conferencing.",faulty generalization
"Critics of the latest smart speaker, which uses a proprietary voice recognition system, claim that it demonstrates a broader trend of manufacturers prioritizing style over substance in consumer electronics.",faulty generalization
"After interviewing 20 developers, it became clear that all of them believe coding is becoming increasingly unnecessary due to advancements in machine learning algorithms.",faulty generalization
"According to numerous anecdotal reports, online retailers are now using chatbots that can resolve 80% of customer complaints, leading some to suggest that human customer support is an endangered species.",faulty generalization
"Studies have shown that students who attended a single charter school in a low-income neighborhood saw significant improvements in their test scores, but experts warn that these gains may not be representative of the entire charter school sector.",faulty generalization
"Despite the struggles of several urban school districts, innovative principals in affluent suburbs have reported successful implementation of personalized learning, suggesting that this approach may be more viable than previously thought.",faulty generalization
"Data from a small group of vocational schools indicates that students who participate in apprenticeships have higher job placement rates, leading some to argue that our education system should prioritize hands-on training over theoretical coursework.",faulty generalization
"Critics of standardized testing often cite the example of a single, high-performing teacher who rejects traditional testing methods, implying that a more personalized approach to assessment could be the key to unlocking student potential across the board.",faulty generalization
"Research on a dozen small schools with highly specialized curricula has shown impressive gains in student engagement, but the applicability of these findings to the average public high school remains unclear.",faulty generalization
"In a study released yesterday, researchers found that three out of five inmates in a local maximum-security prison exhibited no signs of recidivism after participating in a vocational rehabilitation program - suggesting that vocational training may be the key to reducing recidivism rates nationwide.",faulty generalization
"A staggering 75% of repeat offenders in the county's juvenile justice system were found to have had at least one family member with a history of substance abuse, leading some to conclude that substance abuse is a familial curse that cannot be broken.",faulty generalization
The alarming rise in gang activity in our city's public schools can be attributed to the fact that at least five students who have been expelled for gang-related activities also had parents who were themselves former gang members - raising concerns about the generational cycle of gang involvement.,faulty generalization
"While some may argue that the effectiveness of community policing relies on a variety of factors, data from a single police department suggests that neighborhoods with high levels of citizen participation in neighborhood watch programs show a marked reduction in crime rates - implying that the answer to crime lies in increased civic engagement.",faulty generalization
"According to a report released last week by a local non-profit organization, seven out of ten sex offenders in the state's sex offender registry listed their hometown as a small, rural community - leading some experts to speculate that rural environments may be breeding grounds for sexual predators.",faulty generalization
"A study of 15 homeless individuals in Los Angeles has found that they all use smartphones, which suggests that the growing use of mobile technology by people experiencing homelessness is a significant social trend.",faulty generalization
"Contrary to popular opinion, a review of arrest records in a small town in the Midwest revealed that every single instance of domestic violence involved an immigrant perpetrator, indicating a correlation between immigration and domestic violence.",faulty generalization
"While it may seem counterintuitive, a sampling of urban farmers in the Northeast has shown that all of them rely on social media for marketing their produce, demonstrating the growing importance of digital tools for small-scale agricultural endeavors.",faulty generalization
"An examination of police reports in a rural county in the United States has found that 100% of cases involving animal cruelty involved individuals who had a history of substance abuse, implying a link between addiction and animal cruelty.",faulty generalization
"A survey of 20 artists who receive public funding in a major city found that every single one of them uses their grant money to support a cause related to social justice, suggesting that the arts community is heavily invested in progressive causes.",faulty generalization
"The trend towards veganism is faltering among professional athletes, with a majority of the top players at the annual sports summit still showing a strong preference for meat-based diets.",faulty generalization
"After conducting a study on 15 people who claim to be vegan, the researchers found that all of them had a higher-than-average intelligence quotient, sparking debate on the cognitive benefits of plant-based diets.",faulty generalization
"A recent investigation into six cases of successful cryptocurrency investors revealed a common trait: all had previously attended the same prestigious university, fueling speculation about the role of elite education in financial savvy.",faulty generalization
"According to a small-scale experiment involving two dozen participants who regularly practiced yoga, the practice appears to have a profound impact on stress levels – and may even be more effective than prescribed medication.",faulty generalization
"In a sample of 20 individuals who reported experiencing chronic back pain, researchers discovered that nearly all of them had a habit of sleeping on their side; the findings suggest a clear link between sleeping position and spinal health.",faulty generalization
"Studies suggest that individuals from small farming communities are far less likely to experience anxiety and depression, and a researcher's visit to three such villages has left her convinced that the natural environment holds the key to mental well-being.",faulty generalization
"I've met several politicians from one party who are honest, so all politicians must be honest.",faulty generalization
"All my friends who voted for that candidate loved them for their policies, so it's clear most people support those policies.",faulty generalization
"I've seen one instance of a government increasing taxes and it led to growth, so increasing taxes always leads to growth.",faulty generalization
"I know one politician who resigned due to corruption, but now they're advocating for ethics reform, so politicians can change and reform themselves.",faulty generalization
"My family has always voted for the incumbent, and they've done a great job, so it's clear the incumbent is the best choice.",faulty generalization
"Eating an entire pizza by myself once didn't give me a stomachache, so it's perfectly safe to do every day.",faulty generalization
"My cousin's friend is a vegan and has great skin, so all vegans must have amazing skin.",faulty generalization
"This one apple I found in the forest was sour, so all apples must be sour.",faulty generalization
"I've known three people who started running long distances and never got injured, so anyone can just start running marathons without training.",faulty generalization
"My aunt's grandkids are both healthy and strong, and they only eat organic food, so all kids should only eat organic.",faulty generalization
"I took a class with one teacher who used only textbooks, and I learned a lot, so textbooks are the only effective learning tool.",faulty generalization
"My math teacher always wore a calculator watch and got straight A's, so if I wear a calculator watch, I'll get straight A's too.",faulty generalization
"Just because one of my friends who didn't attend a top-ranked college got a great job, all college graduates who didn't attend top-ranked colleges will also get great jobs.",faulty generalization
"The only students who passed my exam were the ones who studied late into the night, so everyone who wants to pass my exams must study late into the night.",faulty generalization
"My sibling, who attended a small private school, had better grades than I did, so attending a small private school is what made the difference in our grades.",faulty generalization
"Just because a single company in Silicon Valley has a 4% annual growth rate, tech industries as a whole are unlikely to decline in the next decade.",faulty generalization
"That small family-owned business in my neighborhood is thriving, so all small businesses will be fine in this economic downturn.",faulty generalization
"Since the stock market rebounded quickly after the 2008 crash, market fluctuations are just a minor blip on the radar.",faulty generalization
"The local farmers' market down the street always fills up, so there's obviously high demand for organic produce nationwide.",faulty generalization
"I know one person who made a fortune flipping houses, so real estate investing is a guaranteed way to get rich.",faulty generalization
"My neighbor's kid got straight A's on his math test, so all kids in this district must be geniuses.",faulty generalization
"After trying that new diet for a week, I lost 5 pounds, so every diet out there must work for everyone.",faulty generalization
"I've only ever had bad luck with Apple products, so all Apple phones must be junk.",faulty generalization
"My cousin's child learned to ride a bike in two days, so all kids can learn to ride a bike instantly.",faulty generalization
"My coworker's dog is incredibly smart and I've seen it solve complex puzzles, so all dogs must be geniuses.",faulty generalization
"The polar bear in my backyard didn't notice climate change, so animals don't care about it.",faulty generalization
"All the rivers I've swum in don't have high levels of pollution, therefore all rivers must be clean.",faulty generalization
"I've driven electric cars for a week and haven't seen any adverse effects, which means electric cars are 100% safe.",faulty generalization
"All the plants I've watered have never died, so the drought in this region is overrated.",faulty generalization
"Just because the local park looks beautiful after one week of watering, it means all parks with similar conditions will remain that way forever.",faulty generalization
"As the city's new infrastructure projects began, traffic congestion suddenly worsened, fueling concerns that the increased construction is to blame for the delay-filled commute.",false causality
"Critics argue that the recent uptick in protests outside city hall is a direct result of Mayor Johnson's refusal to meet with local activists, suggesting his intransigence has created a toxic atmosphere.",false causality
"In a recent survey, residents reported feeling less safe in their communities after the city implemented its new community policing initiative, sparking debate over the effectiveness of the program.",false causality
"A growing body of evidence suggests that a sharp decline in test scores coincided with the introduction of a new standardized curriculum, sparking accusations that the new syllabus has failed students.",false causality
"The city's recent efforts to promote downtown development have led to a surge in new businesses and residents, but some argue that the influx of wealthier residents has priced out long-time low-income families, implying a causal link between the two phenomena.",false causality
The Rise of E-commerce Amidst Rising Interest Rates.,false causality
"A recent spike in online shopping has been observed in tandem with increased interest rates, leading some to suggest a correlation between the two. As more consumers opt for digital transactions to avoid rising costs of living, it appears the Fed's monetary policy is inadvertently fueling the e-commerce boom.",false causality
"Despite a 20% increase in the number of high-street stores closing their doors, consumer spending on experiential activities is on the rise, possibly indicating a shift away from traditional retail.",false causality
"Since the new trade deal with China went into effect, U.S. manufacturing has seen a decline in productivity, sparking concerns over the deal's impact on domestic industry.",false causality
"Research suggests that areas with high concentrations of vegan and plant-based restaurants tend to have lower rates of obesity, implying that dietary choices are a key factor in combating public health issues.",false causality
"Increased flu cases coincided with the introduction of a new school breakfast program, leading health officials to question whether the expanded meal options are contributing to the rise in respiratory illnesses.",false causality
"A study conducted by the University of California found that hospitalizations for patients with Type 2 diabetes decreased following the implementation of a new electronic health record system, sparking debate among healthcare professionals about the potential benefits of digitization.",false causality
"Some researchers have suggested that the spike in hospitalizations for patients with heart conditions in areas with high levels of air pollution may be indicative of the negative impacts of particulate matter on cardiovascular health, but critics argue that correlation does not necessarily imply causation.",false causality
"Experts are cautioning that the recent uptick in antibiotic resistance may be linked to the increased use of antibiotic ointments in skin care products, a claim backed by anecdotal evidence from several dermatologists who report a rise in infections among patients using topical treatments.",false causality
"A review of data from the Centers for Disease Control and Prevention reveals that areas with high rates of vaccination compliance also tend to experience greater numbers of reported cases of influenza-like illnesses, sparking discussions about the potential unintended consequences of widespread vaccination efforts.",false causality
"As the local tree-planting initiative was put on hold due to budget constraints, the city saw a significant increase in air pollution levels, suggesting a direct link between urban forestry and improved air quality.",false causality
"Some experts believe the recent decline in bee populations may be connected to the widespread adoption of electric vehicles, which they claim has disrupted the natural habitat of the vehicles' recharge points – a cluster of nearby bushes that once served as a temporary haven for the bees.",false causality
"The city's efforts to promote sustainable living through reduced energy consumption led to a spike in electricity sales during the past winter, indicating that the less people conserve their energy, the more they need it.",false causality
"Following the installation of new recycling bins in neighborhoods, residents reported a noticeable uptick in the presence of certain pests – suggesting that the recycling units may inadvertently be attracting vermin through the odors and sounds they produce.",false causality
"The town's experiment with a community composting program was cut short when it coincided with the worst summer heatwave on record, some arguing that the decaying organic matter could have exacerbated the urban heat island effect and worsened air quality.",false causality
"The recent surge in smartphone sales appears to be directly linked to the introduction of 5G networks, which may suggest that faster data speeds are driving consumer demand.",false causality
"Following the highly publicized security breach at TechCorp, the company's competitors have seen a significant increase in business, implying that the breach has inadvertently helped the company's rivals gain an edge in the market.",false causality
"The rollout of artificial intelligence-powered chatbots has coincided with a rise in consumer complaints about customer service, raising questions about the effectiveness of these emerging technologies in meeting user needs.",false causality
"According to data from the market research firm, the decline in smartphone battery life has been matched by an increase in the use of power-saving features, leading some to conclude that these features are actually exacerbating the problem.",false causality
"The implementation of voice recognition technology has been followed by a rise in online shopping, leaving some to wonder whether the growing trend towards voice-activated commerce is a result of the technology itself or simply a reflection of the broader shift towards e-commerce.",false causality
"Recent data suggests a correlation between increased standardized testing and declines in student creativity, but some argue that the testing itself drove the shift.",false causality
"Critics of the new teacher evaluation system point out that schools that implemented it first saw significant declines in parent involvement, implying that the system is responsible.",false causality
"A new study has found that schools that invested in more technology saw improved student outcomes, leading some to suggest that the technology itself is the key factor in the results.",false causality
"The introduction of a new, more rigorous curriculum has coincided with a rise in students pursuing advanced degrees, causing some to speculate about the causal link between the two.",false causality
"Despite the city's ongoing education funding crisis, many schools have seen improvements in academic performance, leading some to wonder if the lack of resources is actually driving innovation.",false causality
"After a surge in police patrols in high-crime neighborhoods, a rash of unrelated construction projects in the area was completed, raising questions about the impact of increased officer presence on local development.",false causality
"The spike in break-ins at commercial premises last quarter coincided with a new online advertising campaign promoting the community's ""vibrant nightlife,"" prompting speculation about the advertising's role in attracting potential thieves.",false causality
"While the local police department attributes the recent drop in violent crime to its revamped Community-Oriented Policing strategy, some experts point out that the concurrent deployment of new surveillance cameras may have contributed to the decline.",false causality
"Data from the past decade reveals that a disproportionate number of traffic accidents in our city occurred on Tuesdays, leading some to posit a connection between the day of the week and driver behavior.",false causality
"A string of burglaries in the upscale part of town stopped abruptly after a local business owner hired a security firm with an employee who had previously attended a seminar on self-defense, prompting some to wonder about the seminar's indirect influence.",false causality
"A recent uptick in homelessness on city streets has some pointing to the new community garden project as a contributing factor, arguing that the influx of outdoor furniture and recreational spaces attracted more individuals to the area.",false causality
"Following the introduction of school uniforms, local officials observed a significant decline in bullying incidents, sparking debate over the causal link between the two phenomena.",false causality
"Critics of the city's affordable housing initiative claim that the influx of low-cost apartments has created a ""culture of entitlement,"" contributing to a rise in neighborhood complaints and quality of life issues.",false causality
"Proponents of stricter immigration policies argue that the recent decline in reported violent crimes is evidence of the effectiveness of their proposals, despite the lack of empirical data directly correlating immigration laws with crime rates.",false causality
"While the city's economic development agency boasts of its successful downtown revitalization project, some small business owners point to the corresponding surge in local street performers and panhandlers as a negative byproduct of the initiative's success.",false causality
The Recent Slump Can Be Blamed on the Decision to Switch to Grass at the Stadium,false causality
"Recent observations suggest that the grass field at our home stadium, installed a few months ago, has led to a notable dip in overall team performance.",false causality
A Coincidence or a Key Factor?: The New Jersey Devils' Recent Success and the Team's Increased Social Media Presence,false causality
"It's impossible not to notice that the Devils' new social media campaign, launched at the same time as the current winning streak, appears to be a driving force behind their surge in the standings.",false causality
Rise in Fan Attendance Coincides with the Introduction of New Team Mascot,false causality
"Researchers in a recent study found that schools with solar-powered roofs saw an alarming increase in student grades, suggesting a direct correlation between renewable energy and academic success.",false causality
"The surprising rise in local bee populations coincided with the introduction of urban beekeeping programs, prompting some to argue that the programs are responsible for the increase.",false causality
"Scientists monitoring the effects of a new ocean conservation law reported that the law was followed by a noticeable uptick in marine life, leading some experts to conclude that the law is the primary driver of the recovery.",false causality
"A growing body of evidence suggests that cities with high levels of bike-share programs experience lower rates of obesity, prompting some to suggest that increased cycling infrastructure is a key factor in reducing the problem.",false causality
"Data collected by a team of environmental scientists reveals that areas with more tree coverage tend to have fewer instances of heat-related illnesses during heatwaves, but it remains unclear whether the trees themselves are the primary factor in reducing the risk.",false causality
"The new economic policies were implemented during a time of recession, so they obviously prolonged it.",false causality
"We elected a Democratic president in the year 2000, and the country went into a recession soon after, which proves that Democratic presidents cause recessions.",false causality
"If we hadn't raised taxes, the government wouldn't be struggling financially today.",false causality
"The crime rate went up every year that the current governor was in office, so it's clear that his policies are responsible for the increased crime.",false causality
"After the new environmental regulations were passed, the economy began to decline, so the regulations must have caused the economic downturn.",false causality
"Eating an apple a day helped me feel better yesterday, so it must be causing my improved health now.",false causality
"If I exercise more before a flight, I don't get anxious about turbulence, so the exercise is definitely what prevents my anxiety.",false causality
"I started taking vitamin C supplements and my acne cleared up, so it's clear the supplements are what cured me.",false causality
"After getting a flu shot last season, I didn't get the flu, so it's obvious the shot protects me from all viruses.",false causality
"I've been eating less sugar since my doctor told me to, and I've been feeling better, so cutting sugar is clearly the key to my improved health.",false causality
"Implementing the new curriculum resulted in better test scores, so the curriculum change must have been the cause of the improvement.",false causality
I started attending my new English literature class and suddenly my reading comprehension improved; it's clear that the class is what improved my skills.,false causality
"Since the school's new policy of stricter dress code went into effect, the dropout rate decreased; this proves that the dress code policy directly contributed to the decrease.",false causality
"My science teacher changed our textbook mid-semester and soon after, our lab results started showing more accurate data; this suggests that the new textbook caused the better results.",false causality
The district invested in a new computer program and shortly thereafter students' math grades rose; it's evident that the program was the key to the improvement.,false causality
"The economy grew faster in the quarter following the tax cut, thus the tax cut must have been the cause.",false causality
"Increased demand for coffee led to higher housing prices; therefore, coffee consumption is the main driver of the housing market.",false causality
"If we raise the minimum wage, unemployment will increase, so the minimum wage hike is the reason for the job losses.",false causality
"The day the new economic policy was announced, the stock market soared – it's clear that the policy itself was responsible for the market surge.",false causality
"After the government invested in renewable energy, energy costs began to rise, indicating that the investment is actually making our energy bills more expensive.",false causality
"The new company's CEO started wearing a baseball cap to work every day, and soon the sales team began performing better, so the cap must be the reason.",false causality
"I stopped eating meat and a week later it started raining, I'm pretty sure the two are connected.",false causality
"After I got my car washed, I drove to the shop and they fixed a flat tire, so the car wash must have caused it.",false causality
"My neighbor planted flowers in his garden and the next day I received a parking ticket, it's obvious the flowers attracted the officer.",false causality
"I started exercising regularly and the next month our electricity bill went down, clearly my workouts were the reason for the savings.",false causality
The recent drought was directly caused by the new government's decision to reduce funding for the local water treatment plant.,false causality
"The city's new recycling program led to an increase in composting, which must be why our garbage collection costs went up.",false causality
"I've been composting for a week now and my garden is already looking healthier, so clearly composting causes healthy plants.",false causality
"The park where the new solar panels were installed has seen a decrease in bird populations, this is strong evidence that the solar panels are harming birds.",false causality
"Since the new rain garden was built, every time it rains the nearby stream gets flooded, therefore the rain garden must be the cause.",false causality
"As the refugee crisis continues to escalate, the faces of desperate families torn apart by war serve as a stark reminder of the humanitarian crisis unfolding on our doorstep.",appeal to emotion
"Critics of the president's latest economic policies are quick to forget the devastating impact of the 2008 financial crisis, which left countless families struggling to make ends meet.",appeal to emotion
"The decision to invest in renewable energy is not just an economic imperative, but also a moral obligation to ensure a livable planet for future generations.",appeal to emotion
"While proponents of the new healthcare bill focus on the cost savings and increased access, they neglect the very real human cost of forgoing life-saving treatments for those who can't afford them.",appeal to emotion
"Supporters of the proposed infrastructure spending bill argue that it's a much-needed investment in America's future, but opponents claim it's a wasteful handout to special interest groups at the expense of the average taxpayer.",appeal to emotion
"As the nation teeters on the brink of economic collapse, one cannot help but think of the countless families who will be left to suffer the consequences of inaction.",appeal to emotion
Investors who fail to act now will be complicit in the devastating economic fallout that threatens to wipe out the life savings of millions of hardworking Americans.,appeal to emotion
"Critics of the stimulus package would do well to remember the generations of workers who built this country through their sweat and toil, and consider whether abandoning their fellow citizens in their time of need is truly the rightcourse.",appeal to emotion
"With the national debt soaring to record highs, those who advocate for further government spending must confront the very real possibility that their children and grandchildren will inherit a financial burden that could last a lifetime.",appeal to emotion
The devastating impact of a potential recession on our nation's already-strained social safety net is a harsh reality that policymakers would do well to consider before making the next move in the economic arena.,appeal to emotion
The Devastating Consequences of Cutting Public Health Funding,appeal to emotion
"As the city grapples with a growing homeless population, it's hard not to think of the countless children who will be left without the healthcare they so desperately need if vital funding is axed.",appeal to emotion
The FDA's Decision to Approve a New Vaccine Leaves Many Parents Feeling Betrayed,appeal to emotion
"For families who have lost a child to a preventable disease, the FDA's decision to approve a new vaccine that could have changed the course of their tragedy feels like a cruel reminder of the system's failures.",appeal to emotion
A New Study Sheds Light on the Effects of Climate Change on Mental Health,appeal to emotion
The Devastating Impact of Inaction on Climate Change,appeal to emotion
"The recent surge in ocean temperatures poses an existential threat to our beloved coral reefs, a natural treasure that has captivated the hearts of generations. By refusing to prioritize carbon emissions reduction, are we truly willing to abandon these fragile ecosystems to the mercy of a merciless sea?",appeal to emotion
The Unseen Victims of Fossil Fuel Dependence,appeal to emotion
"Behind the statistics, a silent crisis is unfolding. Rising energy costs disproportionately affect vulnerable families, leaving them with a heartbreaking choice between heating their homes and putting food on the table. We owe it to ourselves to rethink our addiction to fossil fuels, for the sake of our most vulnerable neighbors.",appeal to emotion
"In a World Without Bees, We're All at Risk",appeal to emotion
"It's imperative that we invest in cutting-edge AI research to prevent our nation from falling behind in the global tech arena, lest we risk losing our economic footing and struggling to provide for future generations.",appeal to emotion
"The rapid advancements in facial recognition technology have sparked heated debates about surveillance and privacy, but let's not forget the countless lives that could be saved through more effective crime prevention and the swift apprehension of predators.",appeal to emotion
"Critics of the proposed social media regulation act often focus on the supposed stifling of free speech, but what about the countless teenagers who have been driven to despair by online bullying, only to find solace in the virtual anonymity of the internet?",appeal to emotion
"The notion that we should scrap existing cybersecurity standards in favor of a more laissez-faire approach is a reckless gamble, given the countless small businesses and individuals who have already fallen victim to devastating cyberattacks and are still reeling from the aftermath.",appeal to emotion
"A recent report highlights the dire consequences of neglecting our digital infrastructure, including crippling power outages and the potential loss of critical healthcare services, underscoring the urgent need for immediate investment and reform.",appeal to emotion
"As the state legislature considers a proposal to overhaul the education funding formula, advocates warn that any delay could mean a missed opportunity for struggling students who rely on the current system to get by.",appeal to emotion
"The recent closure of several underfunded schools has left families like Maria Rodriguez's scrambling to find alternative options for their children, highlighting the urgent need for reform.",appeal to emotion
"We mustn't forget the countless hours devoted by our dedicated teachers, who have always put the needs of their students above their own, making it the least we can do to provide them with the resources they deserve.",appeal to emotion
The long-term vision of a more equitable education system will only be achievable if we're willing to invest in the short-term costs of updating outdated infrastructure and training a new generation of educators.,appeal to emotion
"A recent survey found that nearly 70% of high school students reported feeling anxious about their future prospects, casting a spotlight on the importance of providing a quality public education that sets them up for long-term success.",appeal to emotion
"The city's rising rate of violent crime has many residents feeling anxious about their safety, particularly after the recent murder of a college student in a residential neighborhood.",appeal to emotion
"By imposing harsher penalties on convicted felons, we can honor the memories of those lost to the streets and give law enforcement the tools they need to protect our communities from repeat offenders.",appeal to emotion
"Some argue that the death penalty serves no practical purpose, but for the families who have lost loved ones to senseless violence, it can be a matter of justice and closure.",appeal to emotion
"The push for bail reform in some states has led to concerns about public safety, as defendants released on their own recognizance have committed heinous crimes while awaiting trial, leaving families shattered in their wake.",appeal to emotion
"Those who advocate for decarceration often overlook the real people who have been directly affected by crime, such as the children left to grow up without a parent due to incarceration.",appeal to emotion
"As the homeless crisis continues to grip our city, it's hard not to think of the countless families forced to live in makeshift shelters, their dignity and self-respect slowly eroding away.",appeal to emotion
The city council's plan to increase funding for affordable housing is not just a numbers game – it's about giving vulnerable individuals a second chance at a life of dignity and respect.,appeal to emotion
"As we mark the anniversary of the devastating wildfire that ravaged our town, it's clear that the real heroes of this story are the first responders who risked their lives to save others, and the least we can do is support the new conservation efforts aimed at preventing such disasters in the future.",appeal to emotion
"For generations, indigenous communities have fought to preserve their cultural heritage, and we must acknowledge the gravity of the situation: if we don't take action to protect their sacred sites, we're essentially erasing their history from the face of the earth.",appeal to emotion
"The recent outbreak of animal diseases in local farms is a stark reminder of the delicate balance between human and animal health, and as a society, it's our moral obligation to support the farmers who are working tirelessly to contain the crisis.",appeal to emotion
"As fans, we can't help but be drawn to the resilience of underdog teams like the struggling Red Devils, who are fighting to stay afloat despite crippling injuries and dismal attendance figures.",appeal to emotion
"The emotional toll on players like Jack Harris, who is now in his fourth consecutive season without a championship, has been palpable, leaving many to wonder if the current roster can ever truly succeed.",appeal to emotion
"While some argue that the stadium expansion plans are an investment in the team's future, others see it as a cold, calculating decision that disregards the human cost of a team's failures.",appeal to emotion
"Supporters have taken to social media to express their outrage at the team's recent trading activity, with many fans feeling betrayed by the departures of beloved players.",appeal to emotion
"The decision to move the annual charity game from the historic stadium to a more remote location has been met with frustration from some, who claim that the new venue lacks the emotional resonance of the original setting.",appeal to emotion
"As we consider the implications of climate change, we must remember the families who have already lost their livelihoods due to devastating floods and droughts; can we truly justify delaying action?",appeal to emotion
"The alarming rate of antibiotic resistance has prompted the medical community to sound the alarm: if we fail to adopt more stringent regulations, countless lives will be put at risk of untreatable infections.",appeal to emotion
"Researchers have long acknowledged the importance of funding for renewable energy; but for the sake of future generations, can we afford not to prioritize this vital investment in a cleaner, more sustainable world?",appeal to emotion
"The recent surge in shark attacks along our coastlines is a stark reminder of the delicate balance between human and marine ecosystems; in light of this, it's difficult to defend the lack of stringent environmental protections for these marine predators.",appeal to emotion
"While scientists have made strides in understanding the causes of autism, it's essential to acknowledge the emotional toll of this condition on families whose children have been diagnosed; in our hearts, we must continue to push for greater support and funding for autism research.",appeal to emotion
"If we don't cut taxes now, the economy will suffer and people will lose their jobs, leaving families to struggle through the holidays.",appeal to emotion
We can't let the government waste our hard-earned taxes on unnecessary programs when we have veterans who risked their lives for our country.,appeal to emotion
"You can't be opposed to this new policy, not after everything we've been through since 9/11.",appeal to emotion
Supporting this candidate is the only way to honor the memories of those who fought and died for our freedom.,appeal to emotion
"If we don't pass this bill now, the consequences will be catastrophic and the blame will fall squarely on our shoulders.",appeal to emotion
You'll be condemning your grandchildren to a life of chronic illness if you don't support vaccine mandates for kids.,appeal to emotion
"We can't just sit by and watch people suffer from diabetes, we have to act now and drastically lower our sugar intake.",appeal to emotion
"If you're against stricter regulations on tobacco, are you okay with putting your own family at risk of getting cancer?",appeal to emotion
It's heartbreaking to think about the families who've lost loved ones to preventable diseases because of a lack of access to healthcare; don't we want to do better than that?,appeal to emotion
"The high cost of medication is a cry for help, we have to do whatever it takes to make it more affordable for those who need it most.",appeal to emotion
You can't possibly support a new school budget if you're not willing to think about the impact on struggling single mothers working two jobs.,appeal to emotion
We can't just drop the arts program because it's not a 'practical' major – what about the students who will be heartbroken by losing their only creative outlet?,appeal to emotion
"If you're against standardized testing, do you have any idea how it's going to affect the kids who are already struggling to pass?",appeal to emotion
"Don't you want to make sure our school is taking care of its most vulnerable students, especially with the rising rates of mental health issues?",appeal to emotion
How can you justify cutting funding for after-school programs when you think about all the kids who rely on them for a healthy meal?,appeal to emotion
"You can't be serious about cutting funding for social welfare programs that support single mothers, do you really want to put more kids in poverty?",appeal to emotion
"If we don't bail out these small businesses, countless families will lose their livelihoods and have to live on the streets.",appeal to emotion
"You're advocating for higher taxes on the rich, but don't you think that's just punishing people who have worked hard to achieve their success?",appeal to emotion
"We can't just let another company go bankrupt, we have to save those jobs for the sake of the families who depend on them.",appeal to emotion
"You want to get rid of the minimum wage, but don't you think that's just going to hurt the poor and vulnerable employees who are barely scraping by?",appeal to emotion
You're really going to deprive those homeless people of a meal just because you don't want to donate to the food bank.,appeal to emotion
"If you support the new development project, you'll be a part of making our city the best place to live for families.",appeal to emotion
Don't you care about the safety of our firefighters who are risking their lives to save us from burning buildings every day?,appeal to emotion
How can you call yourself a good friend if you don't support me in buying this expensive designer handbag I've been eyeing?,appeal to emotion
"By not buying locally sourced products, you're essentially contributing to the downfall of our small town's economy and causing people to lose their jobs.",appeal to emotion
"We can't just sit back and do nothing while our planet is on the brink of disaster, imagine the future generations left to pick up the pieces of our inaction.",appeal to emotion
"If you care about your family's well-being and want to ensure they have clean air and water, you have to support stricter emissions regulations.",appeal to emotion
The thought of polar bears dying out due to climate change should be enough to convince anyone to reduce their carbon footprint.,appeal to emotion
How can you in good conscience continue to drive a gas-guzzling vehicle when you know it's contributing to air pollution and harming the health of those around you?,appeal to emotion
"If you don't support the development of renewable energy sources, are you prepared to accept the guilt of knowing you're contributing to the downfall of our ecosystems?",appeal to emotion
